Workbook

Sheet Week 14
C2: UFA Pantries – Week 14 Delivery
C3: Category | D3: Item | E3: Description | F3: Price / Unit (€) | G3: Unit | H3: Qty Sent | I3: Total (€)
C4: Coffee & Hot Beverages | D4: Oatly Barista | E4: Premium, plant-based, barista-quality | F4: 1.99 | G4: l | H4: 12 | I4: =F4*H4 -> 23.88
C5: Coffee & Hot Beverages | D5: Milk Barista 3.5% | F5: 2 | G5: l | H5: 24 | I5: =F5*H5 -> 48
C6: Coffee & Hot Beverages | D6: Milk Lactose Free | F6: 1.59 | G6: l | H6: 12 | I6: =F6*H6 -> 19.08
C7: Coffee & Hot Beverages | D7: Soy Milch Barista | F7: 2 | G7: l | H7: 6 | I7: =F7*H7 -> 12
C8: Coffee & Hot Beverages | D8: White Sugar | F8: 1.29 | G8: kg | H8: 5 | I8: =F8*H8 -> 6.45
C9: Coffee & Hot Beverages | D9: Brown Sugar | F9: 3.49 | G9: kg | H9: 2 | I9: =F9*H9 -> 6.98
C10: Coffee & Hot Beverages | D10: Matcha | F10: 26.9 | G10: 300g | H10: 2 | I10: =F10*H10 -> 53.8
C11: Coffee & Hot Beverages | D11: Decaff Coffee | F11: 8.49 | G11: 250g | H11: 2 | I11: =F11*H11 -> 16.98
C12: Coffee & Hot Beverages | D12: Almond milk | F12: 2.45 | H12: 6 | I12: =F12*H12 -> 14.7
C14: Subtotal – Coffee & Hot Beverages | I14: =SUM(I4:I13) -> 201.87

Sheet 07.04.26
D6: Category | E6: Item | F6: Description | G6: Price / Unit (€) | H6: Unit | I6: Qty Sent | J6: Total (€)
D7: Fruits | E7: apple | G7: 2.19 | H7: kg | I7: 6 | J7: =G7*I7 -> 13.14
D8: Fruits | E8: orange | G8: 8.24 | H8: kg | I8: 3 | J8: =G8*I8 -> 24.72
D9: Fruits | E9: kiwi | G9: 3.29 | H9: kg | I9: 3 | J9: =G9*I9 -> 9.87
D10: Fruits | E10: birne | G10: 1.78 | H10: kg | I10: 1.5 | J10: =G10*I10 -> 2.67
D11: Fruits | E11: ginger | G11: 1.86 | H11: kg | I11: 1.5 | J11: =G11*I11 -> 2.79
D12: Fruits | E12: lemon | G12: 4.17 | H12: kg | I12: 1.5 | J12: =G12*I12 -> 6.255
D13: Pastry | E13: muffins | G13: 1.12 | H13: pcs | I13: 5 | J13: =G13*I13 -> 5.6
D14: Pastry | E14: muffins | G14: 1.12 | H14: pcs | I14: 5 | J14: =G14*I14 -> 5.6
D15: Pastry | E15: croissant pistachio | G15: 0.6 | H15: pcs | I15: 4 | J15: =G15*I15 -> 2.4
D16: Pastry | E16: vegan croissant | G16: 0.55 | H16: pcs | I16: 4 | J16: =G16*I16 -> 2.2
D17: Pastry | E17: Pain au chocolate | G17: 0.67 | H17: pcs | I17: 4 | J17: =G17*I17 -> 2.68
D18: Subtotal | J18: =SUM(J7:J17) -> 77.925

Sheet 09.04.26
A1: Category | B1: Item | C1: Description | D1: Price / Unit (€) | E1: Unit | F1: Qty Sent | G1: Total (€)
A2: Fruits | B2: Apple | D2: 2.19 | E2: kg | F2: 3 | G2: =D2*F2 -> 6.57
A3: Fruits | B3: Grapes | C3: 500gm/pkt | D3: 1.97 | E3: pkt | F3: 3 | G3: =D3*F3 -> 5.91
A4: Fruits | B4: Banana | D4: 1.64 | E4: kg | F4: 3 | G4: =D4*F4 -> 4.92
A5: Fruits | B5: Lime | D5: 2.47 | E5: kg | F5: 1 | G5: =D5*F5 -> 2.47
A6: Fruits | B6: Kiwi | D6: 2.96 | E6: pkt | F6: 3 | G6: =D6*F6 -> 8.88
A7: Fruits | B7: Pears | D7: 2.04 | E7: kg | F7: 3 | G7: =D7*F7 -> 6.12
A8: Pastry | B8: Vegan Croissant | D8: 0.55 | E8: pcs | F8: 4 | G8: =D8*F8 -> 2.2
A9: Pastry | B9: Chocolate croisant | D9: 0.67 | E9: pcs | F9: 5 | G9: =D9*F9 -> 3.35
A10: Pastry | B10: Pain Au Chocolate | D10: 0.67 | E10: pcs | F10: 3 | G10: =D10*F10 -> 2.01
A11: Pastry | B11: Butter Croissant | D11: 0.55 | E11: pcs | F11: 5 | G11: =D11*F11 -> 2.75
A13: Subtotal | G13: =SUM(G2:G12) -> 45.18

Sheet 13.04.26
A1: Category | B1: Item | C1: Description | D1: Price / Unit (€) | E1: Unit | F1: Qty Sent | G1: Total (€)
A2: Fruits | B2: Apple | D2: 2.19 | E2: kg | F2: 6 | G2: =D2*F2 -> 13.14
A3: Fruits | B3: Grapes | C3: 500gm/pkt | D3: 1.97 | E3: pkt | F3: 3 | G3: =D3*F3 -> 5.91
A4: Fruits | B4: Banana | D4: 1.64 | E4: kg | F4: 3 | G4: =D4*F4 -> 4.92
A5: Fruits | B5: Lime | D5: 2.47 | E5: kg | F5: 2.5 | G5: =D5*F5 -> 6.175
A6: Fruits | B6: Oranges | D6: 2.79 | E6: kg | F6: 1.5 | G6: =F6*D6 -> 4.185
A7: Fruits | B7: Kiwi | D7: 2.96 | E7: pkt | F7: 3 | G7: =D7*F7 -> 8.88
A8: Fruits | B8: Banana | D8: 1.29 | E8: kg | F8: 3 | G8: =F8*D8 -> 3.87
A9: Fruits | B9: Pears | D9: 2.04 | E9: kg | F9: 3 | G9: =D9*F9 -> 6.12
A10: Pastry | B10: Vegan Croissant | D10: 0.55 | E10: pcs | F10: 4 | G10: =D10*F10 -> 2.2
A11: Pastry | B11: Butter croisant | D11: 0.67 | E11: pcs | F11: 5 | G11: =D11*F11 -> 3.35
A12: Pastry | B12: Blueberry Muffins | D12: 0.79 | E12: pcs | F12: 6 | G12: =F12*D12 -> 4.74
A13: Pastry | B13: Pain Au Chocolate | D13: 0.67 | E13: pcs | F13: 4 | G13: =D13*F13 -> 2.68
A14: Pastry | B14: Butter Croissant | D14: 0.55 | E14: pcs | F14: 5 | G14: =D14*F14 -> 2.75
A15: Dairy | B15: Oat Milk | D15: 1.89 | E15: L | F15: 6 | G15: =F15*D15 -> 11.34
A16: Subtotal | G16: =SUM(G2:G15) -> 80.26

Sheet 15.04.26
A1: Category | B1: Item | C1: Description | D1: Price / Unit (€) | E1: Unit | F1: Qty Sent | G1: Total (€)
A2: Fruits | B2: Apple | D2: 1.62 | E2: kg | F2: 6.5 | G2: =D2*F2 -> 10.53
A3: Fruits | B3: Grapes | C3: 500gm/pkt | D3: 2.34 | E3: pkt | F3: 2.5 | G3: =D3*F3 -> 5.85
A4: Fruits | B4: Banana | D4: 1.64 | E4: kg | F4: 3.5 | G4: =D4*F4 -> 5.74
A5: Fruits | B5: Lime | D5: 4.94 | E5: kg | F5: 1.5 | G5: =D5*F5 -> 7.41
A6: Fruits | B6: Oranges | D6: 1.79 | E6: kg | F6: 3.3 | G6: =F6*D6 -> 5.907
A7: Veg | B7: Gingers | C7: 200gm/pkt | D7: 1.86 | E7: pkt | F7: 3 | G7: =D7*F7 -> 5.58
A8: Fruits | B8: Plum | D8: 2.42 | E8: kg | F8: 0.3 | G8: =F8*D8 -> 0.726
A9: Fruits | B9: Pears | D9: 2.04 | E9: kg | F9: 3.4 | G9: =D9*F9 -> 6.936
A10: Pastry | B10: Rawline cake Mango Lime | D10: 4 | E10: pcs | F10: 1.61 | G10: =F10*D10 -> 6.44
A11: Pastry | B11: Vegan Croissant | D11: 0.55 | E11: pcs | F11: 4 | G11: =D11*F11 -> 2.2
A12: Pastry | B12: Butter croisant | D12: 0.67 | E12: pcs | F12: 5 | G12: =D12*F12 -> 3.35
A13: Pastry | B13: Pain Au Chocolate | D13: 0.67 | E13: pcs | F13: 4 | G13: =D13*F13 -> 2.68
A14: Subtotal | G14: =SUM(G2:G13) -> 63.349

Sheet 20.04.26
A1: Category | B1: Item | C1: Description | D1: Price / Unit (€) | E1: Unit | F1: Qty Sent | G1: Total (€)
A2: Fruits | B2: Apple | D2: 1.62 | E2: kg | F2: 6 | G2: =D2*F2 -> 9.72
A3: Fruits | B3: Grapes | C3: 500gm/pkt | D3: 2.34 | E3: pkt | F3: 2 | G3: =D3*F3 -> 4.68
A4: Fruits | B4: Banana | D4: 1.64 | E4: kg | F4: 3 | G4: =D4*F4 -> 4.92
A5: Fruits | B5: Lime | D5: 4.94 | E5: kg | F5: 0.5 | G5: =D5*F5 -> 2.47
A6: Fruits | B6: Oranges | D6: 1.79 | E6: kg | F6: 3 | G6: =F6*D6 -> 5.37
A7: Veg | B7: Gingers | C7: 200gm/pkt | D7: 1.86 | E7: pkt | F7: 1 | G7: =D7*F7 -> 1.86
A8: Fruits | B8: Kiwi | C8: 1kg | D8: 2.96 | E8: kg | F8: 1 | G8: =F8*D8 -> 2.96
A9: Veg | B9: Cherry tomatoes | C9: 0.75kg | D9: 8.79 | E9: kg | F9: 0.75 | G9: =F9*D9 -> 6.5925
A10: Veg | B10: Cucumber | C10: 0.75kg | D10: 2.64 | E10: kg | F10: 0.75 | G10: =F10*D10 -> 1.98
A11: Veg | B11: carrots Fresh | C11: 0.75kg | D11: 1.42 | E11: kg | F11: 0.75 | G11: =F11*D11 -> 1.065
A12: Fruits | B12: Pears | D12: 2.04 | E12: kg | F12: 3 | G12: =D12*F12 -> 6.12
A13: Pastry | B13: Chococlate Muffins | D13: 1.12 | F13: 4 | G13: =F13*D13 -> 4.48
A14: Pastry | B14: Blueberry Muffins | D14: 1.12 | F14: 4 | G14: =F14*D14 -> 4.48
A15: Dairy | B15: lactose Free Milk | D15: 1.59 | E15: L | F15: 6 | G15: =F15*D15 -> 9.54
A16: Pastry | B16: Rawline cake Mango Lime | D16: 4 | E16: pcs | F16: 1.61 | G16: =F16*D16 -> 6.44
A17: Pastry | B17: Vegan Croissant | D17: 0.55 | E17: pcs | F17: 3 | G17: =D17*F17 -> 1.65
A18: Pastry | B18: Butter croisant | D18: 0.67 | E18: pcs | F18: 4 | G18: =D18*F18 -> 2.68
A19: Pastry | B19: Pain Au Chocolate | D19: 0.67 | E19: pcs | F19: 4 | G19: =D19*F19 -> 2.68
A20: Subtotal | G20: =SUM(G2:G19) -> 79.6875

Sheet 21.04.26
A1: Category | B1: Item | C1: Description | D1: Price / Unit (€) | E1: Unit | F1: Qty Sent | G1: Total (€)
A2: Fruits | G2: =D2*F2 -> 0
A3: Fruits | G3: =D3*F3 -> 0
A4: Fruits | G4: =D4*F4 -> 0
A5: Fruits | G5: =D5*F5 -> 0
A6: Fruits | G6: =F6*D6 -> 0
A7: Fruits | G7: =D7*F7 -> 0
A8: Fruits | G8: =F8*D8 -> 0
A9: Fruits | G9: =D9*F9 -> 0
A10: Pastry | B10: Vegan Croissant | D10: 0.55 | E10: pcs | F10: 3 | G10: =D10*F10 -> 1.65
A11: Pastry | B11: Butter croisant | D11: 0.67 | E11: pcs | F11: 4 | G11: =D11*F11 -> 2.68
A12: Pastry | B12: Blueberry Muffins | D12: 0.79 | E12: pcs | F12: 6 | G12: =F12*D12 -> 4.74
A13: Pastry | B13: Pistachio Croissant | D13: 0.67 | E13: pcs | F13: 4 | G13: =D13*F13 -> 2.68
A14: Pastry | B14: Butter Croissant | D14: 0.55 | E14: pcs | F14: 5 | G14: =D14*F14 -> 2.75
A15: Dairy | B15: Oat Milk | D15: 1.89 | E15: L | F15: 6 | G15: =F15*D15 -> 11.34
A16: Subtotal | G16: =SUM(G2:G15) -> 25.84

Sheet 22.04.26
A1: Category | B1: Item | C1: Description | D1: Price / Unit (€) | E1: Unit | F1: Qty Sent | G1: Total (€)
A2: Fruits | B2: Banana | D2: 1.64 | E2: kg | F2: 3 | G2: =D2*F2 -> 4.92
A3: Fruits | B3: Apple | D3: 2.19 | E3: kg | F3: 6 | G3: =D3*F3 -> 13.14
A4: Fruits | B4: Plum | C4: 500gm pkt | D4: 2.19 | E4: pkt | F4: 2 | G4: =D4*F4 -> 4.38
A5: Fruits | B5: Strawberry | C5: 500gm pkt | D5: 2.08 | E5: pkt | F5: 2 | G5: =D5*F5 -> 4.16
A6: Fruits | B6: Grapes | C6: 500gm pkt | D6: 2.52 | E6: pkt | F6: 4 | G6: =F6*D6 -> 10.08
A7: Fruits | B7: Oranges | C7: 5kg | D7: 8.79 | E7: bag | F7: 1 | G7: =D7*F7 -> 8.79
A8: Fruits | B8: Lemon | C8: 1.5kg | D8: 5.05 | E8: bag | F8: 1 | G8: =F8*D8 -> 5.05
A9: Pastry | B9: Vegan Croissant | D9: 0.55 | E9: pcs | F9: 3 | G9: =D9*F9 -> 1.65
A10: Pastry | B10: Butter croisant | D10: 0.67 | E10: pcs | F10: 4 | G10: =D10*F10 -> 2.68
A11: Pastry | B11: Blueberry Muffins | D11: 0.79 | E11: pcs | F11: 4 | G11: =F11*D11 -> 3.16
A12: Pastry | B12: Pistachio Croissant | D12: 0.67 | E12: pcs | F12: 4 | G12: =D12*F12 -> 2.68
A13: Pastry | B13: Chocolate Muffins | D13: 0.79 | E13: pcs | F13: 4 | G13: =F13*D13 -> 3.16
A14: Pastry | B14: Pain Au Chocolate | D14: 0.58 | E14: pcs | F14: 4 | G14: =D14*F14 -> 2.32
A15: Dairy | B15: Milk | G15: =F15*D15 -> 0
A16: Subtotal | G16: =SUM(G2:G15) -> 66.17

Sheet 27.04.26
A1: Category | B1: Item | C1: Description | D1: Price / Unit (€) | E1: Unit | F1: Qty Sent | G1: Total (€)
A2: Fruits | B2: Banana | D2: 1.64 | E2: kg | F2: 5 | G2: =D2*F2 -> 8.2
A3: Fruits | B3: Apple | D3: 2.19 | E3: kg | F3: 3 | G3: =D3*F3 -> 6.57
A4: Fruits | B4: Pear | D4: 2.06 | E4: kg | F4: 2 | G4: =D4*F4 -> 4.12
A5: Fruits | B5: Ginger | C5: 200gm | D5: 1.86 | E5: pkt | F5: 1 | G5: =D5*F5 -> 1.86
A6: Fruits | B6: Grapes | C6: 500gm pkt | D6: 2.52 | E6: pkt | F6: 4 | G6: =F6*D6 -> 10.08
A7: Fruits | B7: Oranges | D7: 1.79 | E7: kg | F7: 3 | G7: =D7*F7 -> 5.37
A8: Fruits | B8: Lemon | C8: 1.5kg | D8: 5.05 | E8: bag | F8: 1 | G8: =F8*D8 -> 5.05
A9: Fruits | B9: Cherry Tomatoes | D9: 7.74 | E9: kg | F9: 0.75 | G9: =F9*D9 -> 5.805
A10: Fruits | B10: Sliced Cucumber | D10: 2.64 | E10: kg | F10: 0.75 | G10: =F10*D10 -> 1.98
A11: Fruits | B11: Sliced Carrot | D11: 1.47 | E11: kg | F11: 0.75 | G11: =F11*D11 -> 1.1025
A12: Pastry | B12: Butter croisant | D12: 0.67 | E12: pcs | F12: 4 | G12: =D12*F12 -> 2.68
A13: Pastry | B13: Blueberry Muffins | D13: 0.79 | E13: pcs | F13: 4 | G13: =F13*D13 -> 3.16
A14: Pastry | G14: =D14*F14 -> 0
A15: Pastry | B15: Chocolate Muffins | D15: 0.79 | E15: pcs | F15: 6 | G15: =F15*D15 -> 4.74
A16: Pastry | B16: Pain Au Chocolate | D16: 0.58 | E16: pcs | F16: 4 | G16: =D16*F16 -> 2.32
A17: Dairy | B17: Milk Lactose Free | D17: 1.59 | E17: L | F17: 12 | G17: =F17*D17 -> 19.08
A18: Subtotal | G18: =SUM(G2:G17) -> 82.1175

Sheet 29.04.26
A1: Category | B1: Item | C1: Description | D1: Price / Unit (€) | E1: Unit | F1: Qty Sent | G1: Total (€)
A2: Fruits | B2: Banana | D2: 1.64 | E2: kg | F2: 5 | G2: =D2*F2 -> 8.2
A3: Fruits | B3: Apple | D3: 2.19 | E3: kg | F3: 3 | G3: =D3*F3 -> 6.57
A4: Fruits | B4: Pear | D4: 2.06 | E4: kg | F4: 2 | G4: =D4*F4 -> 4.12
A5: Fruits | B5: Grapes | C5: 500gm pkt | D5: 2.52 | E5: kg | F5: 4 | G5: =D5*F5 -> 10.08
A6: Fruits | B6: Oranges | D6: 1.79 | E6: kg | F6: 3 | G6: =D6*F6 -> 5.37
A7: Fruits | B7: Ginger | C7: 200gm | D7: 1.86 | E7: pkt | F7: 1 | G7: =D7*F7 -> 1.86
A8: Pastry | B8: Butter Croissant | D8: 0.67 | E8: pcs | F8: 5 | G8: =D8*F8 -> 3.35
A9: Pastry | B9: Pistachio Croissant | D9: 0.67 | E9: pcs | F9: 5 | G9: =D9*F9 -> 3.35
A10: Pastry | B10: Blueberry Muffin | D10: 0.79 | E10: pcs | F10: 4 | G10: =D10*F10 -> 3.16
A11: Pastry | B11: Chocolate Muffin | D11: 0.79 | E11: pcs | F11: 4 | G11: =D11*F11 -> 3.16
A12: Pastry | B12: Pain Au Chocolate | D12: 0.58 | E12: pcs | F12: 0 | G12: =D12*F12 -> 0
A13: Subtotal | G13: =SUM(G2:G12) -> 49.22

Sheet 30.04.26
A1: Date | B1: Catagories | C1: Items | E1: unit | F1: price/unit | G1: Total (€)
A2: 46142 | B2: Morning Pastries | C2: Croissants | D2: 5 | E2: pcs | F2: ='29.04.26'!D8 -> 0.67 | G2: =D2*F2 -> 3.35
A3: 46142 | B3: Morning Pastries | C3: Pain au chocolat | D3: 4 | E3: pcs | F3: ='29.04.26'!D12 -> 0.58 | G3: =D3*F3 -> 2.32
A4: 46142 | B4: Morning Pastries | C4: Muffins | D4: 6 | E4: pcs | F4: ='29.04.26'!D10 -> 0.79 | G4: =D4*F4 -> 4.74
A5: 30.04 | B5: Meeting Order | C5: Mini butter croissants | D5: 25 | E5: pcs | F5: 0.21 | G5: =D5*F5 -> 5.25
A6: 30.04 | B6: Meeting Order | C6: Mini pain au chocolate | D6: 25 | E6: pcs | F6: 0.25 | G6: =D6*F6 -> 6.25
F7: Total | G7: =SUM(G2:G6) -> 21.91

Sheet 04.05.26
A1: Catagories | B1: Items | C1: Unit | D1: Qty | E1: Price / Unit (€) | F1: Total (€)
A2: Morning Pastries | B2: Croissants | C2: pcs | D2: 4 | E2: ='29.04.26'!D8 -> 0.67 | F2: =D2*E2 -> 2.68
A3: Morning Pastries | B3: Pain au chocolat | C3: pcs | D3: 4 | E3: ='29.04.26'!D12 -> 0.58 | F3: =D3*E3 -> 2.32
A4: Morning Pastries | B4: Chocolate Muffins | C4: pcs | D4: 4 | E4: ='29.04.26'!D11 -> 0.79 | F4: =D4*E4 -> 3.16
A5: Morning Pastries | B5: Blueberry Muffins | C5: pcs | D5: 4 | E5: ='29.04.26'!D10 -> 0.79 | F5: =D5*E5 -> 3.16
A6: Fruit Basket | B6: Bananas | C6: kg | D6: 5 | E6: 1.79 | F6: =D6*E6 -> 8.95
A7: Fruit Basket | B7: Apples | C7: kg | D7: 3 | E7: 2.49 | F7: =D7*E7 -> 7.47
A8: Fruit Basket | B8: Pears | C8: kg | D8: 2 | E8: 2.99 | F8: =D8*E8 -> 5.98
A9: Fruit Basket | B9: Grapes | C9: pkt | D9: 4 | E9: ='29.04.26'!D5 -> 2.52 | F9: =D9*E9 -> 10.08
A10: Fruit Basket | B10: Oranges 5kg | C10: Bag | D10: 1 | E10: 7.99 | F10: =D10*E10 -> 7.99
A11: Fruit Basket | B11: Lemons | C11: kg | D11: 1.5 | E11: 5.05 | F11: =D11*E11 -> 7.575
A12: Fruit Basket | B12: Ginger | C12: kg | D12: 2 | E12: 1.86 | F12: =D12*E12 -> 3.72
A13: Fruit Basket | B13: Peach | C13: pkt | D13: 2 | E13: 2.59 | F13: =D13*E13 -> 5.18
A14: Fruit Basket | B14: Plum | C14: pkt | D14: 1 | E14: 2.42 | F14: =D14*E14 -> 2.42
A15: Fruit Basket | B15: Apricot | C15: pkt | D15: 1 | E15: 2.99 | F15: =D15*E15 -> 2.99
A16: Fruit Basket | B16: Cherry tomatoes | C16: kg | D16: 1 | E16: 5.87 | F16: =D16*E16 -> 5.87
A17: Fruit Basket | B17: Sliced cucumber | C17: kg | D17: 0.5 | E17: 2.64 | F17: =D17*E17 -> 1.32
A18: Fruit Basket | B18: Sliced peppers | C18: kg | D18: 0.8 | E18: 2.73 | F18: =D18*E18 -> 2.184
A19: Café Supplies | B19: Oat milk | C19: L | D19: 12 | E19: 1.89 | F19: =D19*E19 -> 22.68
A20: Café Supplies | B20: Soy Milk | C20: L | D20: 6 | E20: 1.85 | F20: =D20*E20 -> 11.1
A21: Café Supplies | B21: Napkins | C21: packs | D21: 2 | E21: 4.89 | F21: =D21*E21 -> 9.78
B22: Total | F22: =SUM(F2:F21) -> 126.609

Sheet 05.05.26
A1: Catagories | B1: Items | C1: Unit | D1: Qty | E1: Price / Unit (€) | F1: Total (€)
A2: Morning Pastries | B2: Croissants | C2: pcs | D2: 5 | E2: ='06.05.26'!E2 -> 0.67 | F2: =D2*E2 -> 3.35
A3: Morning Pastries | B3: Pistachio Croissants | C3: pcs | D3: 4 | E3: ='06.05.26'!E3 -> 0.67 | F3: =D3*E3 -> 2.68
A4: Morning Pastries | B4: Pain au chocolat | C4: pcs | D4: 4 | E4: ='04.05.26'!E3 -> 0.58 | F4: =D4*E4 -> 2.32
B5: Total | F5: =SUM(F2:F4) -> 8.35

Sheet 06.05.26
A1: Catagories | B1: Items | C1: Unit | D1: Qty | E1: Price / Unit (€) | F1: Total (€)
A2: Morning Pastries | B2: Croissants | C2: pcs | D2: 5 | E2: ='04.05.26'!E2 -> 0.67 | F2: =D2*E2 -> 3.35
A3: Morning Pastries | B3: Pistachio Croissants | C3: pcs | D3: 5 | E3: 0.67 | F3: =D3*E3 -> 3.35
A4: Morning Pastries | B4: Muffins (chocolate & blueberry) | C4: pcs | D4: 8 | E4: ='04.05.26'!E4 -> 0.79 | F4: =D4*E4 -> 6.32
A5: Morning Pastries | B5: Cookies (from Pier7 if available) | C5: pcs | D5: 6 | E5: 1.02 | F5: =D5*E5 -> 6.12
A6: Fruit Basket | B6: Bananas | C6: kg | D6: 5 | E6: ='04.05.26'!E6 -> 1.79 | F6: =D6*E6 -> 8.95
A7: Fruit Basket | B7: Apples | C7: kg | D7: 3 | E7: ='04.05.26'!E7 -> 2.49 | F7: =D7*E7 -> 7.47
A8: Fruit Basket | B8: Pears | C8: kg | D8: 2 | E8: ='04.05.26'!E8 -> 2.99 | F8: =D8*E8 -> 5.98
A9: Fruit Basket | B9: Grapes | C9: kg | D9: 4 | E9: 2.52 | F9: =D9*E9 -> 10.08
A10: Fruit Basket | B10: Oranges 5kg | C10: bag | D10: 1 | E10: 8.79 | F10: =D10*E10 -> 8.79
A11: Fruit Basket | B11: Ginger 200gm | C11: bag | D11: 2 | E11: ='04.05.26'!E12 -> 1.86 | F11: =D11*E11 -> 3.72
A12: Fruit Basket | B12: Lemons | C12: kg | D12: 1.5 | E12: ='04.05.26'!E11 -> 5.05 | F12: =D12*E12 -> 7.575
A13: Fruit Basket | B13: Cherry tomatoes | C13: kg | D13: 0.8 | E13: ='04.05.26'!E16 -> 5.87 | F13: =D13*E13 -> 4.696
A14: Fruit Basket | B14: Sliced cucumber | C14: kg | D14: 0.5 | E14: ='04.05.26'!E17 -> 2.64 | F14: =D14*E14 -> 1.32
A15: Town Hall | B15: Special Croissant | C15: pcs | D15: 90 | E15: 0.67 | F15: =D15*E15 -> 60.3
A16: Fruit Basket | B16: Sliced peppers | C16: kg | D16: 0.8 | E16: ='04.05.26'!E18 -> 2.73 | F16: =D16*E16 -> 2.184
B17: Total | F17: =SUM(F2:F16) -> 140.205

Sheet 07.05.26
A1: Catagories | B1: Items | C1: Unit | D1: Qty | E1: Price / Unit (€) | F1: Total (€)
A2: Morning Pastries | B2: Croissants | C2: pcs | D2: 5 | E2: ='05.05.26'!E2 -> 0.67 | F2: =D2*E2 -> 3.35
A3: Morning Pastries | B3: Pain au chocolat | C3: pcs | D3: 4 | E3: ='05.05.26'!E4 -> 0.58 | F3: =D3*E3 -> 2.32
A4: Morning Pastries | B4: Muffins | C4: pcs | D4: 6 | E4: ='06.05.26'!E4 -> 0.79 | F4: =D4*E4 -> 4.74
A5: Dairy | B5: Oat Milk | C5: L | D5: 12 | E5: 1.99 | F5: =E5*D5 -> 23.88
B6: Total | F6: =SUM(F1:F5) -> 34.29

Sheet 08.05.26
A1: Catagories | B1: Items | C1: Unit | D1: Qty | E1: Price / Unit (€) | F1: Total (€)
A2: Morning Pastries | B2: Croissants | C2: pcs | D2: 5 | E2: ='05.05.26'!E2 -> 0.67 | F2: =D2*E2 -> 3.35
A3: Morning Pastries | B3: Pain au chocolat | C3: pcs | D3: 2 | E3: ='05.05.26'!E4 -> 0.58 | F3: =D3*E3 -> 1.16
A4: Morning Pastries | B4: Muffins | C4: pcs | D4: 5 | E4: ='06.05.26'!E4 -> 0.79 | F4: =D4*E4 -> 3.95
B5: Total | F5: =SUM(F2:F4) -> 8.46

Sheet 11.05.26
A1: Catagories | B1: Items | C1: Unit | D1: Qty | E1: Price / Unit (€) | F1: Total (€)
A2: Morning Pastries | B2: Rechian Belgian Chocolate Cookie 75g | C2: pcs | D2: 6 | E2: 1.01 | F2: =D2*E2 -> 6.06
A3: Morning Pastries | B3: BL Triple Choc Cookie Baked 72g | C3: pcs | D3: 9 | E3: 0.93 | F3: =D3*E3 -> 8.37
A4: Morning Pastries | B4: Croissants | C4: pcs | D4: 4 | E4: ='08.05.26'!E2 -> 0.67 | F4: =D4*E4 -> 2.68
A5: Morning Pastries | B5: Pain au chocolat | C5: pcs | D5: 4 | E5: ='08.05.26'!E3 -> 0.58 | F5: =D5*E5 -> 2.32
A6: Morning Pastries | B6: Chocolate Muffins | C6: pcs | D6: 4 | E6: ='08.05.26'!E4 -> 0.79 | F6: =D6*E6 -> 3.16
A7: Morning Pastries | B7: Blueberry Muffins | C7: pcs | D7: 4 | E7: ='06.05.26'!E4 -> 0.79 | F7: =D7*E7 -> 3.16
A8: Fruit Basket | B8: Bananas | C8: kg | D8: 5 | E8: ='06.05.26'!E6 -> 1.79 | F8: =D8*E8 -> 8.95
A9: Fruit Basket | B9: Apples | C9: kg | D9: 2 | E9: ='06.05.26'!E7 -> 2.49 | F9: =D9*E9 -> 4.98
A10: Fruit Basket | B10: Pears | C10: kg | D10: 2 | E10: ='06.05.26'!E8 -> 2.99 | F10: =D10*E10 -> 5.98
A11: Fruit Basket | B11: Grapes | C11: kg | D11: 2 | E11: ='06.05.26'!E9 -> 2.52 | F11: =D11*E11 -> 5.04
A12: Fruit Basket | B12: Oranges | C12: kg | D12: 5 | E12: 1.64 | F12: =D12*E12 -> 8.2
A13: Fruit Basket | B13: Lemons | C13: kg | D13: 1.5 | E13: ='06.05.26'!E12 -> 5.05 | F13: =D13*E13 -> 7.575
A14: Fruit Basket | B14: Ginger | C14: kg | D14: 0.2 | E14: 9.5 | F14: =D14*E14 -> 1.9
A15: Fruit Basket | B15: Cherry tomatoes | C15: kg | D15: 0.8 | E15: ='06.05.26'!E13 -> 5.87 | F15: =D15*E15 -> 4.696
A16: Fruit Basket | B16: Sliced cucumber | C16: kg | D16: 0.5 | E16: ='06.05.26'!E14 -> 2.64 | F16: =D16*E16 -> 1.32
A17: Fruit Basket | B17: Sliced peppers | C17: kg | D17: 0.8 | E17: ='06.05.26'!E16 -> 2.73 | F17: =D17*E17 -> 2.184
A18: Café Supplies | B18: Oat milk | C18: L | D18: 6 | E18: ='07.05.26'!E5 -> 1.99 | F18: =D18*E18 -> 11.94
A19: Café Supplies | B19: Soy Milk | C19: L | D19: 6 | E19: ='04.05.26'!E20 -> 1.85 | F19: =D19*E19 -> 11.1
A20: Café Supplies | B20: Napkins | C20: Packs | D20: 2 | E20: ='04.05.26'!E21 -> 4.89 | F20: =D20*E20 -> 9.78
A21: Café Supplies | B21: Matcha Powder | C21: pack (250 g) | D21: 2 | E21: 16.53 | F21: =D21*E21 -> 33.06
B22: Total | F22: =SUM(F2:F21) -> 142.455

Sheet 12.05.26
A1: Catagories | B1: Items | C1: Unit | D1: Qty | E1: Price / Unit (€) | F1: Total (€)
A2: Morning Pastries | B2: Croissants | C2: pcs | D2: 5 | E2: ='11.05.26'!E4 -> 0.67 | F2: =D2*E2 -> 3.35
A3: Morning Pastries | B3: Pistachio Croissants | C3: pcs | D3: 4 | E3: ='06.05.26'!E3 -> 0.67 | F3: =D3*E3 -> 2.68
A4: Morning Pastries | B4: Pain au chocolat | C4: pcs | D4: 4 | E4: ='11.05.26'!E5 -> 0.58 | F4: =D4*E4 -> 2.32
A5: Morning Pastries | B5: Bread | C5: Pcs | D5: 6 | E5: 2.34 | F5: =E5*D5 -> 14.04
B6: Total | F6: =SUM(F2:F5) -> 22.39

Sheet 18.05.26
A1: 📅 Cost Sheet — Monday 18.05.2026
A3: Category | B3: Item | C3: Quantity | D3: Unit | E3: Unit Price (€) | F3: Total (€)
A4: Morning Pastries | B4: rechian belgian chocolate cookie 75g | C4: 6 | D4: pcs | E4: 1.01 | F4: =C4*E4 -> 6.06
A5: Morning Pastries | B5: BL triple choc cookie baked 72g | C5: 6 | D5: pcs | E5: 0.93 | F5: =C5*E5 -> 5.58
A6: Morning Pastries | B6: Croissants | C6: 4 | D6: pcs | E6: 0.67 | F6: =C6*E6 -> 2.68
A7: Morning Pastries | B7: Pain au chocolat | C7: 4 | D7: pcs | E7: 0.61 | F7: =C7*E7 -> 2.44
A8: Morning Pastries | B8: Chocolate Muffins | C8: 6 | D8: pcs | E8: 1.12 | F8: =C8*E8 -> 6.72
A9: Morning Pastries | B9: Blueberry Muffins | C9: 6 | D9: pcs | E9: 1.12 | F9: =C9*E9 -> 6.72
A10: Fruit Basket | B10: Bananas | C10: 5 | D10: kg | E10: 1.65 | F10: =C10*E10 -> 8.25
A11: Fruit Basket | B11: Apples | C11: 2 | D11: kg | E11: 1.65 | F11: =C11*E11 -> 3.3
A12: Fruit Basket | B12: Pears | C12: 2 | D12: kg | E12: 2.81 | F12: =C12*E12 -> 5.62
A13: Fruit Basket | B13: Grapes | C13: 2 | D13: kg | E13: 5.1 | F13: =C13*E13 -> 10.2
A14: Fruit Basket | B14: Oranges | C14: 3 | D14: kg | E14: 1.69 | F14: =C14*E14 -> 5.07
A15: Fruit Basket | B15: Lemons | C15: 1.5 | D15: kg | E15: 3.51 | F15: =C15*E15 -> 5.265
... A20: Café Supplies | B20: Regular Milk | C20: 6 | D20: L | E20: 1.61 | F20: =C20*E20 -> 9.66
A21: Café Supplies | B21: Coffee Beans | C21: 7 | D21: kg | F21: =C21*E21 -> 0 | G21: ?
E23: TOTAL | F23: =SUM(F4:F21) -> 87.035

Sheet 19.05.26
A1: 📅 Cost Sheet — Tuesday 19.05.2026
A3: Category | B3: Item | C3: Quantity | D3: Unit | E3: Unit Price (€) | F3: Total (€)
A4: Morning Pastries | B4: Croissants | C4: 5 | D4: pcs | E4: 0.67 | F4: =C4*E4 -> 3.35
A5: Morning Pastries | B5: Pistachio Croissants | C5: 4 | D5: pcs | E5: 0.55 | F5: =C5*E5 -> 2.2
A6: Morning Pastries | B6: Cookies | C6: 12 | D6: pcs | E6: 1.01 | F6: =C6*E6 -> 12.12
A7: Morning Pastries | B7: Pain au chocolat | C7: 4 | D7: pcs | E7: 0.61 | F7: =C7*E7 -> 2.44
F8: =C8*E8 -> 0
F9: =C9*E9 -> 0
E11: TOTAL | F11: =SUM(F4:F9) -> 20.11

Sheet 20.05.26
A1: 📅 Cost Sheet — Wednesday 20.05.2026
A3: Category | B3: Item | C3: Quantity | D3: Unit | E3: Unit Price (€) | F3: Total (€)
A4: Morning Pastries | B4: Croissants | C4: 5 | D4: pcs | E4: 0.67 | F4: =C4*E4 -> 3.35
A5: Morning Pastries | B5: Pistachio Croissants | C5: 5 | D5: pcs | E5: 0.55 | F5: =C5*E5 -> 2.75
A6: Morning Pastries | B6: Muffins (chocolate & blueberry) | C6: 4 | D6: pcs | E6: 1.12 | F6: =C6*E6 -> 4.48
A7: Morning Pastries | B7: Croissants | C7: 4 | D7: pcs | E7: 0.67 | F7: =C7*E7 -> 2.68
A8: Morning Pastries | B8: Chocolate Muffins | C8: 4 | D8: pcs | E8: 1.12 | F8: =C8*E8 -> 4.48
A9: Morning Pastries | B9: Franzbrotchen (or Almond or pistachio croissants) | C9: 4 | D9: pcs | E9: 0.81 | F9: =C9*E9 -> 3.24
A10: Fruit Basket | B10: Bananas | C10: 3 | D10: kg | E10: 1.65 | F10: =C10*E10 -> 4.95
A11: Fruit Basket | B11: Apricot | C11: 1 | D11: kg | E11: 3.95 | F11: =C11*E11 -> 3.95
A12: Fruit Basket | B12: Apples | C12: 2 | D12: kg | E12: 1.65 | F12: =C12*E12 -> 3.3
A13: Fruit Basket | B13: Cherry | C13: 0.5 | D13: kg | E13: 9.6 | F13: =C13*E13 -> 4.8
A14: Fruit Basket | B14: Strawberry | C14: 1 | D14: kg | E14: 7.98 | F14: =C14*E14 -> 7.98
A15: Fruit Basket | B15: Grapes | C15: 1 | D15: kg | E15: 5.1 | F15: =C15*E15 -> 5.1
... A21: Fruit Basket | B21: Sliced peppers | C21: 0.5 | D21: kg | E21: 2.94 | F21: =C21*E21 -> 1.47
E23: TOTAL | F23: =SUM(F4:F21) -> 66.162

Sheet 21.05.2029
A1: Items | B1: Quantity | C1: Unit | D1: Price per Unit | E1: Total
A2: Butter Croissants | B2: 3 | C2: stk | D2: 0.49 | E2: =B2*D2 -> 1.47
A3: Nuss Nougat Croissants | B3: 2 | C3: stk | D3: 0.59 | E3: =B3*D3 -> 1.18
A4: Quarkbällchen | B4: 7 | C4: stk | D4: 0.29 | E4: =B4*D4 -> 2.03
A5: Laugenbreze | B5: 2 | C5: stk | D5: 0.39 | E5: =B5*D5 -> 0.78

Sheet 26.05.26
A1: 📅 Cost Sheet — Tuesday 26.05.2026
A3: Category | B3: Item | C3: Quantity | D3: Unit | E3: Unit Price (€) | F3: Total (€)
A4: Morning Pastries | B4: rechian belgian chocolate cookie 75g | C4: 6 | D4: pcs | E4: 1.01 | F4: =C4*E4 -> 6.06
A5: Morning Pastries | B5: BL triple choc cookie baked 72g | C5: 6 | D5: pcs | E5: 0.93 | F5: =C5*E5 -> 5.58
A6: Morning Pastries | B6: Croissants | C6: 4 | D6: pcs | E6: 0.67 | F6: =C6*E6 -> 2.68
A7: Morning Pastries | B7: Pain au chocolat | C7: 4 | D7: pcs | E7: 0.61 | F7: =C7*E7 -> 2.44
A8: Morning Pastries | B8: Chocolate Muffins | C8: 6 | D8: pcs | E8: 1.12 | F8: =C8*E8 -> 6.72
A9: Morning Pastries | B9: Almond Croissants | C9: 6 | D9: pcs | E9: 1.2 | F9: =C9*E9 -> 7.2
A10: Morning Pastries | B10: Blueberry Muffins | C10: 6 | D10: pcs | E10: 1.12 | F10: =C10*E10 -> 6.72
A11: Fruit Basket | B11: Bananas | C11: 5 | D11: kg | E11: 1.64 | F11: =C11*E11 -> 8.2
A12: Fruit Basket | B12: Apples | C12: 2 | D12: kg | E12: 1.54 | F12: =C12*E12 -> 3.08
A13: Fruit Basket | B13: Pears | C13: 2 | D13: kg | E13: 2.22 | F13: =C13*E13 -> 4.44
A14: Fruit Basket | B14: Grapes | C14: 2 | D14: kg | E14: 4.77 | F14: =C14*E14 -> 9.54
A15: Fruit Basket | B15: Oranges | C15: 3 | D15: kg | E15: 1.65 | F15: =C15*E15 -> 4.95
... A23: Café Supplies | B23: Almond milch | C23: 6 | D23: L | E23: 1.99 | F23: =C23*E23 -> 11.94
E25: TOTAL | F25: =SUM(F4:F23) -> 112.539

Sheet 27.05.26
A1: 📅 Cost Sheet — Wednesday 27.05.2026
A3: Category | B3: Item | C3: Quantity | D3: Unit | E3: Unit Price (€) | F3: Total (€)
A4: Morning Pastries | B4: Croissants | C4: 5 | D4: pcs | E4: 0.67 | F4: =C4*E4 -> 3.35
A5: Morning Pastries | B5: Almond Croissants | C5: 6 | D5: pcs | E5: 1.2 | F5: =C5*E5 -> 7.2
A6: Morning Pastries | B6: Pistachio Croissants | C6: 4 | D6: pcs | E6: 0.67 | F6: =C6*E6 -> 2.68
A7: Morning Pastries | B7: Pain au chocolat | C7: 4 | D7: pcs | E7: 0.61 | F7: =C7*E7 -> 2.44
A8: Morning Pastries | B8: Almond Croissants | C8: 6 | D8: pcs | E8: 1.2 | F8: =C8*E8 -> 7.2
E10: TOTAL | F10: =SUM(F4:F8) -> 22.87

Sheet 28.05.2029
A1: Items | B1: Quantity | C1: Unit | D1: Price per Unit | E1: Total
A2: Butter Croissants | B2: 4 | C2: stk | D2: 0.49 | E2: =B2*D2 -> 1.96
A3: Donut Sugar | B3: 3 | C3: stk | D3: 0.44 | E3: =B3*D3 -> 1.32
A4: Pudding Brezel | B4: 1 | C4: stk | D4: 1.29 | E4: =B4*D4 -> 1.29
A5: Franzbroetchen | B5: 2 | C5: stk | D5: 0.79 | E5: =B5*D5 -> 1.58

Sheet 29.05.2029
A1: Items | B1: Quantity | C1: Unit | D1: Price per Unit | E1: Total
A2: Quarkbällchen | B2: 6 | C2: stk | D2: 0.29 | E2: =B2*D2 -> 1.74
A3: Muss Nougat Croissant | B3: 2 | C3: stk | D3: 0.69 | E3: =B3*D3 -> 1.38
A4: Butter Croissant | B4: 2 | C4: stk | D4: 0.49 | E4: =B4*D4 -> 0.98

Sheet 01.06.26
A1: 📅 Cost Sheet — Monday 01.06.2026
A3: Category | B3: Item | C3: Quantity | D3: Unit | E3: Unit Price (€) | F3: Total (€)
A4: Morning Pastries | B4: rechian belgian chocolate cookie 75g | C4: 6 | D4: pcs | E4: 1.01 | F4: =C4*E4 -> 6.06
A5: Morning Pastries | B5: BL triple choc cookie baked 72g | C5: 6 | D5: pcs | E5: 0.93 | F5: =C5*E5 -> 5.58
A6: Morning Pastries | B6: Croissants | C6: 4 | D6: pcs | E6: 0.67 | F6: =C6*E6 -> 2.68
A7: Morning Pastries | B7: Pain au chocolat | C7: 4 | D7: pcs | E7: 0.61 | F7: =C7*E7 -> 2.44
A8: Morning Pastries | B8: Chocolate Muffins | C8: 6 | D8: pcs | E8: 1.12 | F8: =C8*E8 -> 6.72
A9: Morning Pastries | B9: Almond Croissants | C9: 6 | D9: pcs | E9: 1.2 | F9: =C9*E9 -> 7.2
A10: Morning Pastries | B10: Blueberry Muffins | C10: 6 | D10: pcs | E10: 1.12 | F10: =C10*E10 -> 6.72
A11: Fruit Basket | B11: Bananas | C11: 5 | D11: kg | E11: 1.64 | F11: =C11*E11 -> 8.2
A12: Fruit Basket | B12: Apples | C12: 2 | D12: kg | E12: 1.54 | F12: =C12*E12 -> 3.08
A13: Fruit Basket | B13: Pears | C13: 2 | D13: kg | E13: 2.22 | F13: =C13*E13 -> 4.44
A14: Fruit Basket | B14: Grapes | C14: 2 | D14: kg | E14: 4.77 | F14: =C14*E14 -> 9.54
A15: Fruit Basket | B15: Oranges | C15: 3 | D15: kg | E15: 1.65 | F15: =C15*E15 -> 4.95
... A22: Catering Supplies | B22: Gloves | C22: 1 | D22: pcs | E22: 5 | F22: =C22*E22 -> 5
E24: TOTAL | F24: =SUM(F4:F22) -> 95.459

Sheet 02.06.26
A1: 📅 Cost Sheet — Tuesday 02.06.2026
A3: Category | B3: Item | C3: Quantity | D3: Unit | E3: Unit Price (€) | F3: Total (€)
A4: Morning Pastries | B4: Croissants | C4: 5 | D4: pcs | E4: 0.67 | F4: =C4*E4 -> 3.35
A5: Morning Pastries | B5: Almond Croissants | C5: 6 | D5: pcs | E5: 1.2 | F5: =C5*E5 -> 7.2
A6: Morning Pastries | B6: Pistachio Croissants | C6: 4 | D6: pcs | E6: 0.6 | F6: =C6*E6 -> 2.4
A7: Morning Pastries | B7: Pain au chocolat | C7: 4 | D7: pcs | E7: 0.61 | F7: =C7*E7 -> 2.44
A8: Morning Pastries | B8: Almond Croissants | C8: 6 | D8: pcs | E8: 1.2 | F8: =C8*E8 -> 7.2
E10: TOTAL | F10: =SUM(F4:F8) -> 22.59

Sheet 03.06.26
A1: 📅 Cost Sheet — Wednesday 03.06.2026
A3: Category | B3: Item | C3: Quantity | D3: Unit | E3: Unit Price (€) | F3: Total (€)
A4: Morning Pastries | B4: Croissants | C4: 7 | D4: pcs | E4: 0.67 | F4: =C4*E4 -> 4.69
A5: Morning Pastries | B5: Pistachio Croissants | C5: 7 | D5: pcs | E5: 0.6 | F5: =C5*E5 -> 4.2
A6: Morning Pastries | B6: Almond Croissants | C6: 7 | D6: pcs | E6: 1.2 | F6: =C6*E6 -> 8.4
A7: Morning Pastries | B7: Muffins (chocolate & blueberry) | C7: 7 | D7: pcs | E7: 1.12 | F7: =C7*E7 -> 7.84
A8: Fruit Basket | B8: Bananas | C8: 3 | D8: kg | E8: 1.64 | F8: =C8*E8 -> 4.92
A9: Fruit Basket | B9: apricot | C9: 1 | D9: kg | E9: 3.95 | F9: =C9*E9 -> 3.95
A10: Fruit Basket | B10: Apples | C10: 2 | D10: kg | E10: 1.54 | F10: =C10*E10 -> 3.08
A11: Fruit Basket | B11: cherry | C11: 0.5 | D11: kg | E11: 4.69 | F11: =C11*E11 -> 2.345
A12: Fruit Basket | B12: strawberry | C12: 1 | D12: kg | E12: 5.66 | F12: =C12*E12 -> 5.66
A13: Fruit Basket | B13: Grapes | C13: 1 | D13: kg | E13: 4.77 | F13: =C13*E13 -> 4.77
A14: Fruit Basket | B14: Oranges | C14: 4 | D14: kg | E14: 1.65 | F14: =C14*E14 -> 6.6
A15: Fruit Basket | B15: Ginger | C15: 0.2 | D15: kg | E15: 8.37 | F15: =C15*E15 -> 1.674
... A19: Fruit Basket | B19: Sliced peppers | C19: 0.5 | D19: kg | E19: 3.07 | F19: =C19*E19 -> 1.535
E21: TOTAL | F21: =SUM(F4:F19) -> 64.491

Sheet 08.06.26
A1: 📅 Cost Sheet — Monday 08.06.2026
A3: Category | B3: Item | C3: Quantity | D3: Unit | E3: Unit Price (€) | F3: Total (€)
A4: Morning Pastries | B4: rechian belgian chocolate cookie 75g | C4: 6 | D4: pcs | E4: 1.01 | F4: =C4*E4 -> 6.06
A5: Morning Pastries | B5: BL triple choc cookie baked 72g | C5: 6 | D5: pcs | E5: 0.93 | F5: =C5*E5 -> 5.58
A6: Morning Pastries | B6: Croissants | C6: 4 | D6: pcs | E6: 0.67 | F6: =C6*E6 -> 2.68
A7: Morning Pastries | B7: Pain au chocolat | C7: 4 | D7: pcs | E7: 0.61 | F7: =C7*E7 -> 2.44
A8: Morning Pastries | B8: Chocolate Muffins | C8: 6 | D8: pcs | E8: 1.12 | F8: =C8*E8 -> 6.72
A9: Morning Pastries | B9: Almond Croissants | C9: 6 | D9: pcs | E9: 1.2 | F9: =C9*E9 -> 7.2
A10: Morning Pastries | B10: Blueberry Muffins | C10: 6 | D10: pcs | E10: 1.12 | F10: =C10*E10 -> 6.72
A11: Fruit Basket | B11: Bananas | C11: 5 | D11: kg | E11: 1.64 | F11: =C11*E11 -> 8.2
A12: Fruit Basket | B12: Apples | C12: 2 | D12: kg | E12: 1.54 | F12: =C12*E12 -> 3.08
A13: Fruit Basket | B13: Pears | C13: 2 | D13: kg | E13: 2.22 | F13: =C13*E13 -> 4.44
A14: Fruit Basket | B14: Grapes | C14: 2 | D14: kg | E14: 4.77 | F14: =C14*E14 -> 9.54
A15: Fruit Basket | B15: Oranges | C15: 3 | D15: kg | E15: 1.65 | F15: =C15*E15 -> 4.95
... A20: Fruit Basket | B20: Sliced peppers | C20: 0.8 | D20: kg | E20: 3.07 | F20: =C20*E20 -> 2.456
E22: TOTAL | F22: =SUM(F4:F20) -> 81.819

Sheet 09.06.26
A1: 📅 Cost Sheet — Tuesday 09.06.2026
A3: Category | B3: Item | C3: Quantity | D3: Unit | E3: Unit Price (€) | F3: Total (€)
A4: Morning Pastries | B4: Croissants | C4: 5 | D4: pcs | E4: 0.67 | F4: =C4*E4 -> 3.35
A5: Morning Pastries | B5: Almond Croissants | C5: 6 | D5: pcs | E5: 1.2 | F5: =C5*E5 -> 7.2
A6: Morning Pastries | B6: Pistachio Croissants | C6: 4 | D6: pcs | E6: 0.6 | F6: =C6*E6 -> 2.4
A7: Morning Pastries | B7: Pain au chocolat | C7: 4 | D7: pcs | E7: 0.61 | F7: =C7*E7 -> 2.44
A8: Morning Pastries | B8: Almond Croissants | C8: 6 | D8: pcs | E8: 1.2 | F8: =C8*E8 -> 7.2
E10: TOTAL | F10: =SUM(F4:F8) -> 22.59

Sheet 10.06.26
A1: 📅 Cost Sheet — Wednesday 10.06.2026
A3: Category | B3: Item | C3: Quantity | D3: Unit | E3: Unit Price (€) | F3: Total (€)
A4: Morning Pastries | B4: Croissants | C4: 7 | D4: pcs | E4: 0.67 | F4: =C4*E4 -> 4.69
A5: Morning Pastries | B5: Pistachio Croissants | C5: 7 | D5: pcs | E5: 0.6 | F5: =C5*E5 -> 4.2
A6: Morning Pastries | B6: Almond Croissants | C6: 7 | D6: pcs | E6: 1.2 | F6: =C6*E6 -> 8.4
A7: Morning Pastries | B7: Muffins (chocolate & blueberry) | C7: 7 | D7: pcs | E7: 1.12 | F7: =C7*E7 -> 7.84
A8: Fruit Basket | B8: Bananas | C8: 4 | D8: kg | E8: 1.64 | F8: =C8*E8 -> 6.56
A9: Fruit Basket | B9: apricot | C9: 2 | D9: kg | E9: 3.95 | F9: =C9*E9 -> 7.9
A10: Fruit Basket | B10: Apples | C10: 2 | D10: kg | E10: 1.54 | F10: =C10*E10 -> 3.08
A11: Fruit Basket | B11: Pear | C11: 2 | D11: kg | E11: 2.57 | F11: =C11*E11 -> 5.14
A12: Fruit Basket | B12: strawberry | C12: 1 | D12: kg | E12: 5.66 | F12: =C12*E12 -> 5.66
A13: Fruit Basket | B13: Grapes | C13: 2 | D13: kg | E13: 4.77 | F13: =C13*E13 -> 9.54
A14: Fruit Basket | B14: Oranges | C14: 5 | D14: kg | E14: 1.65 | F14: =C14*E14 -> 8.25
A15: Fruit Basket | B15: Ginger | C15: 0.2 | D15: kg | E15: 8.37 | F15: =C15*E15 -> 1.674
... A19: Fruit Basket | B19: Sliced peppers | C19: 0.8 | D19: kg | E19: 3.07 | F19: =C19*E19 -> 2.456
E21: TOTAL | F21: =SUM(F4:F19) -> 85.469

Sheet 15.06.26
A1: 📅 Cost Sheet — Monday 15.06.2026
A3: Category | B3: Item | C3: Quantity | D3: Unit | E3: Unit Price (€) | F3: Total (€)
A4: Morning Pastries | B4: rechian belgian chocolate cookie 75g | C4: 6 | D4: pcs | E4: 1.0111 | F4: =C4*E4 -> 6.0666
A5: Morning Pastries | B5: BL triple choc cookie baked 72g | C5: 6 | D5: pcs | E5: 0.9267 | F5: =C5*E5 -> 5.5602
A6: Morning Pastries | B6: Croissants | C6: 4 | D6: pcs | E6: 0.67 | F6: =C6*E6 -> 2.68
A7: Morning Pastries | B7: Pain au chocolat | C7: 4 | D7: pcs | E7: 0.58 | F7: =C7*E7 -> 2.32
A8: Morning Pastries | B8: Chocolate Muffins | C8: 6 | D8: pcs | E8: 1.1242 | F8: =C8*E8 -> 6.7452
A9: Morning Pastries | B9: Almond Croissants | C9: 6 | D9: pcs | E9: 1.2 | F9: =C9*E9 -> 7.2
A10: Morning Pastries | B10: Blueberry Muffins | C10: 6 | D10: pcs | E10: 1.119 | F10: =C10*E10 -> 6.714
A11: Fruit Basket | B11: Bananas | C11: 4 | D11: kg | E11: 1.64 | F11: =C11*E11 -> 6.56
A12: Fruit Basket | B12: Apples | C12: 2 | D12: kg | E12: 1.0907 | F12: =C12*E12 -> 2.1814
A13: Fruit Basket | B13: Pears | C13: 2 | D13: kg | E13: 2.57 | F13: =C13*E13 -> 5.14
A14: Fruit Basket | B14: Grapes | C14: 2 | D14: kg | E14: 3.9117 | F14: =C14*E14 -> 7.8234
A15: Fruit Basket | B15: Oranges | C15: 3 | D15: kg | E15: 1.5873 | F15: =C15*E15 -> 4.7619
... A20: Fruit Basket | B20: Sliced peppers | C20: 0.8 | D20: kg | E20: 2.9729 | F20: =C20*E20 -> 2.37832
E24: TOTAL | F24: =SUM(F4:F22) -> 78.95086

Sheet 16.06.26
A1: 📅 Cost Sheet — Tuesday 16.06.2026
A3: Category | B3: Item | C3: Quantity | D3: Unit | E3: Unit Price (€) | F3: Total (€)
A4: Morning Pastries | B4: Croissants | C4: 5 | D4: pcs | E4: 0.67 | F4: =C4*E4 -> 3.35
A5: Morning Pastries | B5: Almond Croissants | C5: 6 | D5: pcs | E5: 1.2 | F5: =C5*E5 -> 7.2
A6: Morning Pastries | B6: Pistachio Croissants | C6: 4 | D6: pcs | E6: 0.69 | F6: =C6*E6 -> 2.76
A7: Morning Pastries | B7: Pain au chocolat | C7: 4 | D7: pcs | E7: 0.58 | F7: =C7*E7 -> 2.32
A8: Morning Pastries | B8: Almond Croissants | C8: 6 | D8: pcs | E8: 1.2 | F8: =C8*E8 -> 7.2
A9: Catering Supplies | B9: Olive Oil | C9: 2 | D9: l | E9: 5.9082 | F9: =C9*E9 -> 11.8164
E11: TOTAL | F11: =SUM(F4:F9) -> 34.6464

Sheet 17.06.26
A1: 📅 Cost Sheet — Wednesday 17.06.2026
A3: Category | B3: Item | C3: Quantity | D3: Unit | E3: Unit Price (€) | F3: Total (€)
A4: Morning Pastries | B4: Croissants | C4: 7 | D4: pcs | E4: 0.67 | F4: =C4*E4 -> 4.69
A5: Morning Pastries | B5: Pistachio Croissants | C5: 7 | D5: pcs | E5: 0.68 | F5: =C5*E5 -> 4.76
A6: Morning Pastries | B6: Almond Croissants | C6: 7 | D6: pcs | E6: 1.2 | F6: =C6*E6 -> 8.4
A7: Morning Pastries | B7: Muffins (chocolate & blueberry) | C7: 7 | D7: pcs | E7: 1.1242 | F7: =C7*E7 -> 7.8694
A8: Fruit Basket | B8: Bananas | C8: 3 | D8: kg | E8: 1.64 | F8: =C8*E8 -> 4.92
A9: Fruit Basket | B9: apricot | C9: 1 | D9: kg | E9: 3.95 | F9: =C9*E9 -> 3.95
A10: Fruit Basket | B10: Apples | C10: 2 | D10: kg | E10: 1.65 | F10: =C10*E10 -> 3.3
A11: Fruit Basket | B11: cherry | C11: 0.5 | D11: kg | E11: 4.64 | F11: =C11*E11 -> 2.32
A12: Fruit Basket | B12: strawberry | C12: 1 | D12: kg | E12: 7.0896 | F12: =C12*E12 -> 7.0896
A13: Fruit Basket | B13: Grapes | C13: 1 | D13: kg | E13: 3.9117 | F13: =C13*E13 -> 3.9117
A14: Fruit Basket | B14: Oranges | C14: 4 | D14: kg | E14: 1.5873 | F14: =C14*E14 -> 6.3492
A15: Fruit Basket | B15: Ginger | C15: 0.2 | D15: kg | E15: 7.44 | F15: =C15*E15 -> 1.488
... A19: Fruit Basket | B19: Sliced peppers | C19: 0.5 | D19: kg | E19: 2.9729 | F19: =C19*E19 -> 1.48645
E21: TOTAL | F21: =SUM(F4:F19) -> 65.74625

Sheet 22.06.26
A1: Pantry Cost — UFA | Monday 22.06.2026
A3: Item | B3: Qty | C3: Unit | D3: Unit Price (€) | E3: Line Total (€)
A4: Rechian Belgian chocolate cookie 75g | B4: 6 | C4: pcs | D4: 1.01 | E4: =B4*D4 -> 6.06
A5: BL triple choc cookie baked 72g | B5: 6 | C5: pcs | D5: 1.01 | E5: =B5*D5 -> 6.06
A6: Croissants | B6: 4 | C6: pcs | D6: 0.69 | E6: =B6*D6 -> 2.76
A7: Pain au chocolat | B7: 4 | C7: pcs | D7: 0.58 | E7: =B7*D7 -> 2.32
A8: Chocolate Muffins | B8: 6 | C8: pcs | D8: 1.12 | E8: =B8*D8 -> 6.72
A9: Almond Croissants | B9: 6 | C9: pcs | D9: 0.69 | E9: =B9*D9 -> 4.14
A10: Blueberry Muffins | B10: 6 | C10: pcs | D10: 1.12 | E10: =B10*D10 -> 6.72
A11: Bananas (per kg) | B11: 5 | C11: kg | D11: 1.64 | E11: =B11*D11 -> 8.2
A12: Apples (per kg) | B12: 2 | C12: kg | D12: 1.09 | E12: =B12*D12 -> 2.18
A13: Pears (per kg) | B13: 2 | C13: kg | D13: 2.09 | E13: =B13*D13 -> 4.18
A14: Grapes (per kg) | B14: 2 | C14: kg | D14: 4.16 | E14: =B14*D14 -> 8.32
A15: Oranges (per kg) | B15: 3 | C15: kg | D15: 1.71 | E15: =B15*D15 -> 5.13
... A20: Sliced peppers (per kg) | B20: 0.8 | C20: kg | D20: 5.4 | E20: =B20*D20 -> 4.32
A21: TOTAL | E21: =SUM(E4:E20) -> 81.204

Sheet 23.06.26
A1: Pantry Cost — UFA | Tuesday 23.06.2026
A3: Item | B3: Qty | C3: Unit | D3: Unit Price (€) | E3: Line Total (€)
A4: Croissants | B4: 5 | C4: pcs | D4: 0.69 | E4: =B4*D4 -> 3.45
A5: Almond Croissants | B5: 6 | C5: pcs | D5: 0.69 | E5: =B5*D5 -> 4.14
A6: Pistachio Croissants | B6: 4 | C6: pcs | D6: 0.69 | E6: =B6*D6 -> 2.76
A7: Pain au chocolat | B7: 4 | C7: pcs | D7: 0.58 | E7: =B7*D7 -> 2.32
A8: Almond Croissants | B8: 6 | C8: pcs | D8: 0.69 | E8: =B8*D8 -> 4.14
A9: Olive Oil (per l) | B9: 2 | C9: l | D9: 5.94 | E9: =B9*D9 -> 11.88
A10: TOTAL | E10: =SUM(E4:E9) -> 28.69

Sheet 24.06.26
A1: Pantry Cost — UFA | Wednesday 24.06.2026
A3: Item | B3: Qty | C3: Unit | D3: Unit Price (€) | E3: Line Total (€)
A4: Croissants | B4: 7 | C4: pcs | D4: 0.69 | E4: =B4*D4 -> 4.83
A5: Pistachio Croissants | B5: 7 | C5: pcs | D5: 0.69 | E5: =B5*D5 -> 4.83
A6: Almond Croissants | B6: 7 | C6: pcs | D6: 0.69 | E6: =B6*D6 -> 4.83
A7: Muffins (chocolate & blueberry) | B7: 7 | C7: pcs | D7: 1.12 | E7: =B7*D7 -> 7.84
A8: Bananas (per kg) | B8: 3 | C8: kg | D8: 1.64 | E8: =B8*D8 -> 4.92
A9: Apricot (per kg) | B9: 1 | C9: kg | D9: 2.93 | E9: =B9*D9 -> 2.93
A10: Apples (per kg) | B10: 2 | C10: kg | D10: 1.09 | E10: =B10*D10 -> 2.18
A11: Cherry (per kg) | B11: 0.5 | C11: kg | D11: 5.95 | E11: =B11*D11 -> 2.975
A12: Strawberry (per kg) | B12: 1 | C12: kg | D12: 6.18 | E12: =B12*D12 -> 6.18
A13: Grapes (per kg) | B13: 1 | C13: kg | D13: 4.16 | E13: =B13*D13 -> 4.16
A14: Oranges (per kg) | B14: 4 | C14: kg | D14: 1.71 | E14: =B14*D14 -> 6.84
A15: Ginger (per kg) | B15: 0.2 | C15: kg | D15: 7.93 | E15: =B15*D15 -> 1.586
... A19: Sliced peppers (per kg) | B19: 0.5 | C19: kg | D19: 5.4 | E19: =B19*D19 -> 2.7
A20: TOTAL | E20: =SUM(E4:E19) -> 62.291
